"id","ip","user-agent","lang","cookie","time","method","uri"
"1","5.18.176.7","Mozilla/5.0 (Windows NT 10.0; Win64; x64; rv:108.0) Gecko/20100101 Firefox/108.0","ru,en-US;q=0.5","BdgrRUoIErEfvWnpH5nJQlT0NXG96pv8w0n0hqGS","1672084673","GET","/"
"2","5.18.176.7","Mozilla/5.0 (Windows NT 10.0; Win64; x64; rv:108.0) Gecko/20100101 Firefox/108.0","ru,en-US;q=0.5","BdgrRUoIErEfvWnpH5nJQlT0NXG96pv8w0n0hqGS","1672084677","GET","/class/ekonom"
"3","5.18.176.7","Mozilla/5.0 (Windows NT 10.0; Win64; x64; rv:108.0) Gecko/20100101 Firefox/108.0","ru,en-US;q=0.5","BdgrRUoIErEfvWnpH5nJQlT0NXG96pv8w0n0hqGS","1672084686","GET","/car/skoda-rapid"
"4","114.119.130.57","Mozilla/5.0 (Linux; Android 7.0;) AppleWebKit/537.36 (KHTML, like Gecko) Mobile Safari/537.36 (compatible; PetalBot;+https://webmaster.petalsearch.com/site/petalbot)","en",NULL,"1672085176","GET","/car"
"5","77.88.5.246","Mozilla/5.0 (compatible; YandexBot/3.0; +http://yandex.com/bots)","ru, uk;q=0.8, be;q=0.8, en;q=0.7, *;q=0.01",NULL,"1672087895","GET","/"
"6","77.88.5.38","Mozilla/5.0 (compatible; YandexBot/3.0; +http://yandex.com/bots)","ru, uk;q=0.8, be;q=0.8, en;q=0.7, *;q=0.01",NULL,"1672089079","GET","/"
"7","93.158.161.56","Mozilla/5.0 (compatible; YandexBot/3.0; +http://yandex.com/bots)","ru, uk;q=0.8, be;q=0.8, en;q=0.7, *;q=0.01",NULL,"1672089082","GET","/"
"8","77.88.5.215","Mozilla/5.0 (compatible; YandexBot/3.0; +http://yandex.com/bots)","ru, uk;q=0.8, be;q=0.8, en;q=0.7, *;q=0.01",NULL,"1672089344","GET","/"
"9","93.81.5.159","Mozilla/5.0 (Windows NT 10.0; Win64; x64) AppleWebKit/537.36 (KHTML, like Gecko) Chrome/106.0.0.0 YaBrowser/22.11.3.818 Yowser/2.5 Safari/537.36","ru-RU,ru;q=0.9,en-US;q=0.8,en;q=0.7",NULL,"1672091211","GET","/"
"10","5.227.30.5","Mozilla/5.0 (Windows NT 10.0; Win64; x64) AppleWebKit/537.36 (KHTML, like Gecko) Chrome/106.0.0.0 YaBrowser/22.11.3.818 Yowser/2.5 Safari/537.36","ru-RU,ru;q=0.9,en-US;q=0.8,en;q=0.7",NULL,"1672092094","GET","/"
"11","85.93.49.104","Mozilla/5.0 (Linux; arm_64; Android 9; LLD-L31) AppleWebKit/537.36 (KHTML, like Gecko) Chrome/106.0.0.0 YaApp_Android/22.116.1 YaSearchBrowser/22.116.1 BroPP/1.0 SA/3 Mobile Safari/537.36","ru-RU,ru;q=0.9,en-US;q=0.8,en;q=0.7",NULL,"1672095396","GET","/blog/sotovaya-svyaz-v-krymu-v-2022-godu"
"12","188.170.86.99","Mozilla/5.0 (Linux; Android 11; M2101K7BNY) AppleWebKit/537.36 (KHTML, like Gecko) Chrome/103.0.0.0 Mobile Safari/537.36","ru-RU,ru;q=0.7,en-US;q=0.5,en;q=0.3",NULL,"1672100381","GET","/arenda-avto-yalta"
"13","85.209.135.83","Mozilla/5.0 (Windows NT 10.0; Win64; x64) AppleWebKit/537.36 (KHTML, like Gecko) Chrome/79.0 Safari/537.36","en-US,en;q=0.5",NULL,"1672101780","GET","/"
"14","85.209.135.83","Mozilla/5.0 (Windows NT 10.0; Win64; x64) AppleWebKit/537.36 (KHTML, like Gecko) Chrome/79.0 Safari/537.36","en-US,en;q=0.5","VDumi5VfgLa4gtYJvSjXFnVSLVxmoI87b0Dcf6qJ","1672101782","GET","/"
"15","114.119.142.12","Mozilla/5.0 (Linux; Android 7.0;) AppleWebKit/537.36 (KHTML, like Gecko) Mobile Safari/537.36 (compatible; PetalBot;+https://webmaster.petalsearch.com/site/petalbot)","en",NULL,"1672103757","GET","/car/volkswagen-polo-20192020?place=17"
"16","114.119.141.42","Mozilla/5.0 (compatible;PetalBot;+https://webmaster.petalsearch.com/site/petalbot)","en",NULL,"1672107638","GET","/sitemap/metas"
"17","114.119.141.173","Mozilla/5.0 (Linux; Android 7.0;) AppleWebKit/537.36 (KHTML, like Gecko) Mobile Safari/537.36 (compatible; PetalBot;+https://webmaster.petalsearch.com/site/petalbot)","en",NULL,"1672108701","GET","/car/volkswagen-polo-20152017?place=3"
"18","114.119.136.137","Mozilla/5.0 (Linux; Android 7.0;) AppleWebKit/537.36 (KHTML, like Gecko) Mobile Safari/537.36 (compatible; PetalBot;+https://webmaster.petalsearch.com/site/petalbot)","en",NULL,"1672109726","GET","/car/volkswagen-jetta"
"19","114.119.146.36","Mozilla/5.0 (Linux; Android 7.0;) AppleWebKit/537.36 (KHTML, like Gecko) Mobile Safari/537.36 (compatible; PetalBot;+https://webmaster.petalsearch.com/site/petalbot)","en",NULL,"1672111132","GET","/car/mercedes-a-class"
"20","114.119.156.142","Mozilla/5.0 (Linux; Android 7.0;) AppleWebKit/537.36 (KHTML, like Gecko) Mobile Safari/537.36 (compatible; PetalBot;+https://webmaster.petalsearch.com/site/petalbot)","en",NULL,"1672111226","GET","/car/kia-k5?place=3"
"21","91.228.96.8","Mozilla/5.0 (Linux; Android 11; M2007J20CG) AppleWebKit/537.36 (KHTML, like Gecko) Chrome/108.0.0.0 Mobile Safari/537.36","ru-RU,ru;q=0.9",NULL,"1672111915","GET","/"
"22","91.228.96.8","Mozilla/5.0 (Linux; Android 11; M2007J20CG) AppleWebKit/537.36 (KHTML, like Gecko) Chrome/108.0.0.0 Mobile Safari/537.36","ru-RU,ru;q=0.9","99OInRp5kWX1WZhCbxRzXkGZz3vUivdRmKdsRumm","1672111955","GET","/car/audi-a6"
"23","188.170.77.45","Mozilla/5.0 (Linux; Android 11; SM-A505FN) AppleWebKit/537.36 (KHTML, like Gecko) Chrome/103.0.0.0 Mobile Safari/537.36","ru-RU,ru;q=0.8,en-US;q=0.5,en;q=0.3",NULL,"1672113173","GET","/"
"24","114.119.157.183","Mozilla/5.0 (Linux; Android 7.0;) AppleWebKit/537.36 (KHTML, like Gecko) Mobile Safari/537.36 (compatible; PetalBot;+https://webmaster.petalsearch.com/site/petalbot)","en",NULL,"1672114471","GET","/car/bmw-x3-diesel?place=5"
"25","114.119.130.78","Mozilla/5.0 (Linux; Android 7.0;) AppleWebKit/537.36 (KHTML, like Gecko) Mobile Safari/537.36 (compatible; PetalBot;+https://webmaster.petalsearch.com/site/petalbot)","en",NULL,"1672114578","GET","/arenda-avto-koktebel"
"26","114.119.157.132","Mozilla/5.0 (Linux; Android 7.0;) AppleWebKit/537.36 (KHTML, like Gecko) Mobile Safari/537.36 (compatible; PetalBot;+https://webmaster.petalsearch.com/site/petalbot)","en",NULL,"1672115164","GET","/arenda-avto-cernomorskoe"
"27","109.94.210.16","Mozilla/5.0 (Windows NT 10.0; Win64; x64) AppleWebKit/537.36 (KHTML, like Gecko) Chrome/106.0.0.0 YaBrowser/22.11.3.818 Yowser/2.5 Safari/537.36","ru-RU,ru;q=0.8,en-US;q=0.5,en;q=0.3",NULL,"1672115350","GET","/"
"28","109.94.210.16","Mozilla/5.0 (Windows NT 10.0; Win64; x64) AppleWebKit/537.36 (KHTML, like Gecko) Chrome/106.0.0.0 YaBrowser/22.11.3.818 Yowser/2.5 Safari/537.36","ru-RU,ru;q=0.8,en-US;q=0.5,en;q=0.3","o0O3y1JLRIwE6A200wdRcc9EEtXsDQ6zKMwSWw6z","1672115505","GET","/arenda-avto-sevastopol"
"29","109.94.210.16","Mozilla/5.0 (Windows NT 10.0; Win64; x64) AppleWebKit/537.36 (KHTML, like Gecko) Chrome/106.0.0.0 YaBrowser/22.11.3.818 Yowser/2.5 Safari/537.36","ru-RU,ru;q=0.8,en-US;q=0.5,en;q=0.3","o0O3y1JLRIwE6A200wdRcc9EEtXsDQ6zKMwSWw6z","1672115660","GET","/usloviya-arendy"
"30","178.67.196.228","Mozilla/5.0 (Windows NT 10.0; Win64; x64) AppleWebKit/537.36 (KHTML, like Gecko) Chrome/106.0.0.0 YaBrowser/22.11.3.818 Yowser/2.5 Safari/537.36","ru-RU,ru;q=0.8,en-US;q=0.5,en;q=0.3",NULL,"1672116940","GET","/"
"31","178.67.196.228","Mozilla/5.0 (Windows NT 10.0; Win64; x64) AppleWebKit/537.36 (KHTML, like Gecko) Chrome/106.0.0.0 YaBrowser/22.11.3.818 Yowser/2.5 Safari/537.36","ru-RU,ru;q=0.8,en-US;q=0.5,en;q=0.3","GJL5wmOhJRX2icrIecILDOEM9HxMVPbD9uPkzmby","1672117117","GET","/usloviya-arendy"
"32","178.67.196.228","Mozilla/5.0 (Windows NT 10.0; Win64; x64) AppleWebKit/537.36 (KHTML, like Gecko) Chrome/106.0.0.0 YaBrowser/22.11.3.818 Yowser/2.5 Safari/537.36","ru-RU,ru;q=0.8,en-US;q=0.5,en;q=0.3","GJL5wmOhJRX2icrIecILDOEM9HxMVPbD9uPkzmby","1672117217","GET","/arenda-avto-evpatoriya"
"33","178.67.196.228","Mozilla/5.0 (Windows NT 10.0; Win64; x64) AppleWebKit/537.36 (KHTML, like Gecko) Chrome/106.0.0.0 YaBrowser/22.11.3.818 Yowser/2.5 Safari/537.36","ru-RU,ru;q=0.8,en-US;q=0.5,en;q=0.3","GJL5wmOhJRX2icrIecILDOEM9HxMVPbD9uPkzmby","1672117357","GET","/usloviya-arendy"
"34","178.67.196.228","Mozilla/5.0 (Windows NT 10.0; Win64; x64) AppleWebKit/537.36 (KHTML, like Gecko) Chrome/106.0.0.0 YaBrowser/22.11.3.818 Yowser/2.5 Safari/537.36","ru-RU,ru;q=0.8,en-US;q=0.5,en;q=0.3","GJL5wmOhJRX2icrIecILDOEM9HxMVPbD9uPkzmby","1672117446","GET","/transfer"
"35","178.67.196.228","Mozilla/5.0 (Windows NT 10.0; Win64; x64) AppleWebKit/537.36 (KHTML, like Gecko) Chrome/106.0.0.0 YaBrowser/22.11.3.818 Yowser/2.5 Safari/537.36","ru-RU,ru;q=0.8,en-US;q=0.5,en;q=0.3","GJL5wmOhJRX2icrIecILDOEM9HxMVPbD9uPkzmby","1672117532","GET","/arenda-avto-sevastopol"
"36","213.87.155.129","Mozilla/5.0 (Linux; Android 11; M2007J20CG) AppleWebKit/537.36 (KHTML, like Gecko) Chrome/108.0.0.0 Mobile Safari/537.36","ru-RU,ru;q=0.9,en-US;q=0.8,en;q=0.7",NULL,"1672118291","GET","/arenda-avto-simferopol"
"37","83.220.237.186","Mozilla/5.0 (Windows NT 10.0; Win64; x64) AppleWebKit/537.36 (KHTML, like Gecko) Chrome/106.0.0.0 YaBrowser/22.11.3.818 Yowser/2.5 Safari/537.36","ru-RU,ru;q=0.8,en-US;q=0.5,en;q=0.3",NULL,"1672118304","GET","/"
"38","213.87.155.129","Mozilla/5.0 (Linux; Android 11; M2007J20CG) AppleWebKit/537.36 (KHTML, like Gecko) Chrome/108.0.0.0 Mobile Safari/537.36","ru-RU,ru;q=0.9,en-US;q=0.8,en;q=0.7","OaSrKF1aCUFz05JIjZKGFgFXmuEYm3hiRO1Pn6D7","1672118310","GET","/car/bmw-1-sport?place=4"
"39","213.87.155.129","Mozilla/5.0 (Linux; Android 11; M2007J20CG) AppleWebKit/537.36 (KHTML, like Gecko) Chrome/108.0.0.0 Mobile Safari/537.36","ru-RU,ru;q=0.9,en-US;q=0.8,en;q=0.7","OaSrKF1aCUFz05JIjZKGFgFXmuEYm3hiRO1Pn6D7","1672118336","GET","/car/bmw-x3-diesel?place=4"
"40","213.87.155.129","Mozilla/5.0 (Linux; Android 11; M2007J20CG) AppleWebKit/537.36 (KHTML, like Gecko) Chrome/108.0.0.0 Mobile Safari/537.36","ru-RU,ru;q=0.9,en-US;q=0.8,en;q=0.7","OaSrKF1aCUFz05JIjZKGFgFXmuEYm3hiRO1Pn6D7","1672118351","GET","/car/bmw-6-kabriolet?place=4"
"41","83.220.237.186","Mozilla/5.0 (Windows NT 10.0; Win64; x64) AppleWebKit/537.36 (KHTML, like Gecko) Chrome/106.0.0.0 YaBrowser/22.11.3.818 Yowser/2.5 Safari/537.36","ru-RU,ru;q=0.8,en-US;q=0.5,en;q=0.3","g5VHpg5N9GuA0cUByhoyBcBofuNLnQK7eyztyIOf","1672118516","GET","/arenda-avto-feodosiya"
"42","83.220.237.186","Mozilla/5.0 (Windows NT 10.0; Win64; x64) AppleWebKit/537.36 (KHTML, like Gecko) Chrome/106.0.0.0 YaBrowser/22.11.3.818 Yowser/2.5 Safari/537.36","ru-RU,ru;q=0.8,en-US;q=0.5,en;q=0.3","g5VHpg5N9GuA0cUByhoyBcBofuNLnQK7eyztyIOf","1672118705","GET","/car"
"43","83.220.236.101","Mozilla/5.0 (Windows NT 10.0; Win64; x64) AppleWebKit/537.36 (KHTML, like Gecko) Chrome/106.0.0.0 YaBrowser/22.11.3.818 Yowser/2.5 Safari/537.36","ru-RU,ru;q=0.8,en-US;q=0.5,en;q=0.3","g5VHpg5N9GuA0cUByhoyBcBofuNLnQK7eyztyIOf","1672118881","GET","/arenda-avto-yalta"
"44","95.153.161.76","Mozilla/5.0 (iPhone; CPU iPhone OS 14_8 like Mac OS X) AppleWebKit/605.1.15 (KHTML, like Gecko) Version/14.0 YaBrowser/22.11.7.76.10 SA/3 Mobile/15E148 Safari/604.1","ru",NULL,"1672122779","GET","/"
"45","95.153.161.76","Mozilla/5.0 (iPhone; CPU iPhone OS 14_8 like Mac OS X) AppleWebKit/605.1.15 (KHTML, like Gecko) Version/14.0 YaBrowser/22.11.7.76.10 SA/3 Mobile/15E148 Safari/604.1","ru","0Xky2bdTbjIGeTKnm95gu0bXdFsFvkVk8Uod0Ob3","1672122814","GET","/usloviya-arendy"
"46","85.193.67.121","Mozilla/5.0 (iPhone; CPU iPhone OS 15_3_1 like Mac OS X) AppleWebKit/605.1.15 (KHTML, like Gecko) Version/15.3 Mobile/15E148 Safari/604.1","ru",NULL,"1672124524","GET","/class/ekonom"
"47","85.193.67.121","Mozilla/5.0 (iPhone; CPU iPhone OS 15_3_1 like Mac OS X) AppleWebKit/605.1.15 (KHTML, like Gecko) Version/15.3 Mobile/15E148 Safari/604.1","ru","0t1N8Mu7RVS0DenAx7VCHi2sc1wMfNGdEMvYZu22","1672124529","GET","/car/skoda-rapid"
"48","195.211.23.223","Mozilla/5.0 (compatible; vkShare; +http://vk.com/dev/Share)","ru-RU,ru;q=0.8,en-US;q=0.6,en;q=0.4",NULL,"1672125636","GET","/blog/sotovaya-svyaz-v-krymu-v-2022-godu"
"49","195.211.23.223","Mozilla/5.0 (compatible; vkShare; +http://vk.com/dev/Share)","ru-RU,ru;q=0.8,en-US;q=0.6,en;q=0.4",NULL,"1672125636","GET","/apple-touch-icon-precomposed.png"
"50","195.211.23.208","Mozilla/5.0 (compatible; vkShare; +http://vk.com/dev/Share)","ru-RU,ru;q=0.8,en-US;q=0.6,en;q=0.4",NULL,"1672125636","GET","/apple-touch-icon.png"
"51","85.193.67.121","Mozilla/5.0 (iPhone; CPU iPhone OS 15_3_1 like Mac OS X) AppleWebKit/605.1.15 (KHTML, like Gecko) Version/15.3 Mobile/15E148 Safari/604.1","ru","0t1N8Mu7RVS0DenAx7VCHi2sc1wMfNGdEMvYZu22","1672125704","GET","/car"
"52","85.193.67.121","Mozilla/5.0 (iPhone; CPU iPhone OS 15_3_1 like Mac OS X) AppleWebKit/605.1.15 (KHTML, like Gecko) Version/15.3 Mobile/15E148 Safari/604.1","ru","0t1N8Mu7RVS0DenAx7VCHi2sc1wMfNGdEMvYZu22","1672125706","GET","/body/miniven"
"53","85.193.67.121","Mozilla/5.0 (iPhone; CPU iPhone OS 15_3_1 like Mac OS X) AppleWebKit/605.1.15 (KHTML, like Gecko) Version/15.3 Mobile/15E148 Safari/604.1","ru","0t1N8Mu7RVS0DenAx7VCHi2sc1wMfNGdEMvYZu22","1672125708","GET","/car/mercedes-benz-viano"
"54","194.226.120.5","Mozilla/5.0 (Windows NT 10.0; Win64; x64) AppleWebKit/537.36 (KHTML, like Gecko) Chrome/108.0.0.0 Safari/537.36","ru-RU,ru;q=0.8,en-US;q=0.5,en;q=0.3",NULL,"1672125744","GET","/"
"55","93.158.161.45","Mozilla/5.0 (compatible; YandexBot/3.0; +http://yandex.com/bots) AppleWebKit/537.36 (KHTML, like Gecko) Chrome/81.0.4044.268",NULL,NULL,"1672126747","GET","/car/mercedes-benz-cl-500"
"56","188.170.82.51","Mozilla/5.0 (Linux; arm_64; Android 10; Redmi Note 7) AppleWebKit/537.36 (KHTML, like Gecko) Chrome/104.0.5112.114 YaApp_Android/22.93.1 YaSearchBrowser/22.93.1 BroPP/1.0 SA/3 Mobile Safari/537.36","ru-RU,ru;q=0.9,en-US;q=0.8,en;q=0.7",NULL,"1672127030","GET","/blog/sotovaya-svyaz-v-krymu-v-2022-godu"
"57","178.128.88.11","python-requests/2.27.1",NULL,NULL,"1672127082","GET","/.env"
"58","178.128.88.11","python-requests/2.27.1",NULL,NULL,"1672127088","GET","/.env"
"59","66.249.65.13","Mozilla/5.0 (Linux; Android 6.0.1; Nexus 5X Build/MMB29P) AppleWebKit/537.36 (KHTML, like Gecko) Chrome/107.0.5304.115 Mobile Safari/537.36 (compatible; Googlebot/2.1; +http://www.google.com/bot.html)",NULL,NULL,"1672127959","GET","/"
"60","209.85.238.209","AdsBot-Google (+http://www.google.com/adsbot.html)",NULL,NULL,"1672128215","GET","/arenda-avto-alusta"
"61","17.241.227.165","Mozilla/5.0 (Macintosh; Intel Mac OS X 10_15_5) AppleWebKit/605.1.15 (KHTML, like Gecko) Version/13.1.1 Safari/605.1.15 (Applebot/0.1; +http://www.apple.com/go/applebot)",NULL,NULL,"1672129262","GET","/arenda-avto-simferopol"
"62","66.249.65.15","Mozilla/5.0 (compatible; Googlebot/2.1; +http://www.google.com/bot.html)",NULL,NULL,"1672129535","GET","/"
"63","66.249.65.15","Mozilla/5.0 (Linux; Android 6.0.1; Nexus 5X Build/MMB29P) AppleWebKit/537.36 (KHTML, like Gecko) Chrome/99.0.4844.84 Mobile Safari/537.36 (compatible; Googlebot/2.1; +http://www.google.com/bot.html)",NULL,NULL,"1672129552","GET","/"
"64","128.140.163.142","Mozilla/5.0 (Windows NT 6.1; Win64; x64) AppleWebKit/537.36 (KHTML, like Gecko) Chrome/108.0.0.0 Safari/537.36","ru-RU,ru;q=0.9,en-US;q=0.8,en;q=0.7",NULL,"1672129590","GET","/arenda-avto-yalta"
"65","128.140.163.142","Mozilla/5.0 (Windows NT 6.1; Win64; x64) AppleWebKit/537.36 (KHTML, like Gecko) Chrome/108.0.0.0 Safari/537.36","ru-RU,ru;q=0.9,en-US;q=0.8,en;q=0.7","cPDzssJM6V7ustxMQngevKx3iNvDSVmAV7bCd5SZ","1672129595","GET","/class/ekonom"
"66","128.140.163.142","Mozilla/5.0 (Windows NT 6.1; Win64; x64) AppleWebKit/537.36 (KHTML, like Gecko) Chrome/108.0.0.0 Safari/537.36","ru-RU,ru;q=0.9,en-US;q=0.8,en;q=0.7","cPDzssJM6V7ustxMQngevKx3iNvDSVmAV7bCd5SZ","1672129599","GET","/car/volkswagen-polo-20152017"
"67","128.140.163.142","Mozilla/5.0 (Windows NT 6.1; Win64; x64) AppleWebKit/537.36 (KHTML, like Gecko) Chrome/108.0.0.0 Safari/537.36","ru-RU,ru;q=0.9,en-US;q=0.8,en;q=0.7","cPDzssJM6V7ustxMQngevKx3iNvDSVmAV7bCd5SZ","1672129841","GET","/usloviya-arendy"
"68","90.154.71.102","Mozilla/5.0 (Windows NT 10.0; Win64; x64) AppleWebKit/537.36 (KHTML, like Gecko) Chrome/108.0.0.0 Safari/537.36","ru-RU,ru;q=0.9,en-US;q=0.8,en;q=0.7",NULL,"1672129915","GET","/"
"69","31.210.208.69","Mozilla/5.0 (Windows NT 10.0; Win64; x64) AppleWebKit/537.36 (KHTML, like Gecko) Chrome/108.0.0.0 Safari/537.36,gzip(gfe)",NULL,NULL,"1672129915","GET","/"
"70","194.147.50.113","Mozilla/5.0 (iPhone; CPU iPhone OS 16_2 like Mac OS X) AppleWebKit/605.1.15 (KHTML, like Gecko) Version/16.2 Mobile/15E148 Safari/604.1","ru",NULL,"1672130056","GET","/"
"71","194.147.50.113","Mozilla/5.0 (iPhone; CPU iPhone OS 16_2 like Mac OS X) AppleWebKit/605.1.15 (KHTML, like Gecko) Version/16.2 Mobile/15E148 Safari/604.1","ru","Xt8d08HbaqwYVlEeNOnC1PHwNsZFUN0hNIAY5eQ7","1672130094","GET","/car/hyundai-solaris-20152016"
"72","194.147.50.113","Mozilla/5.0 (iPhone; CPU iPhone OS 16_2 like Mac OS X) AppleWebKit/605.1.15 (KHTML, like Gecko) Version/16.2 Mobile/15E148 Safari/604.1","ru","Xt8d08HbaqwYVlEeNOnC1PHwNsZFUN0hNIAY5eQ7","1672130098","GET","/car/hyundai-solaris-20182020"
"73","178.128.88.11","Mozilla/5.0 (Windows NT 10.0; Win64; x64) AppleWebKit/537.36 (KHTML, like Gecko) Chrome/93.0.4577.82 Safari/537.36",NULL,NULL,"1672131295","GET","/.env"
"74","185.146.213.12","Mozilla/5.0 (Windows NT 10.0; Win64; x64) AppleWebKit/537.36 (KHTML, like Gecko) Chrome/108.0.0.0 Safari/537.36","ru-RU,ru;q=0.9,en-US;q=0.8,en;q=0.7",NULL,"1672131418","GET","/"
"75","193.228.135.235","Mozilla/5.0 (Windows NT 6.1; WOW64) AppleWebKit/537.36 (KHTML, like Gecko) Chrome/103.0.0.0 Safari/537.36","ru-RU,ru;q=0.9,en-US;q=0.8,en;q=0.7",NULL,"1672131777","GET","/?etext=2202.oVFYt1B-bRAYtNHOCeB06mZ1ASuI404pUiMhtGuNlEZdO-XNJ6tfRTPxkU-l-myZMKuYct-lHftr6loCabRtoHZndXZjbWFvdGp1cHNuZnk.7a860beb8405f68183d0c14a9218d3c364f8ba2e&yclid=7731930699455596608"
"76","77.88.5.243","Mozilla/5.0 (compatible; YandexBot/3.0; +http://yandex.com/bots)",NULL,NULL,"1672131815","GET","/?etext=2202.oVFYt1B-bRAYtNHOCeB06mZ1ASuI404pUiMhtGuNlEZdO-XNJ6tfRTPxkU-l-myZMKuYct-lHftr6loCabRtoHZndXZjbWFvdGp1cHNuZnk.7a860beb8405f68183d0c14a9218d3c364f8ba2e"
"77","81.92.202.38","Mozilla/5.0 (iPhone; CPU iPhone OS 16_0_2 like Mac OS X) AppleWebKit/605.1.15 (KHTML, like Gecko) Version/16.0 Mobile/15E148 Safari/604.1","ru",NULL,"1672133060","GET","/arenda-avto-feodosiya?utm_source=google&utm_medium=cpc&utm_campaign=foxrent&utm_content=&utm_term=%D0%B0%D1%80%D0%B5%D0%BD%D0%B4%D0%B0%20%D0%B0%D0%B2%D1%82%D0%BE%20%D1%84%D0%B5%D0%BE%D0%B4%D0%BE%D1%81%D0%B8%D1%8F"
"78","81.92.202.38","Mozilla/5.0 (iPhone; CPU iPhone OS 16_0_2 like Mac OS X) AppleWebKit/605.1.15 (KHTML, like Gecko) Version/16.0 Mobile/15E148 Safari/604.1","ru","foUJHElzjQ3gL6AY9RKXzkb6KARIsk1gJhvWqsWY","1672133068","GET","/class/ekonom"
"79","81.92.202.38","Mozilla/5.0 (iPhone; CPU iPhone OS 16_0_2 like Mac OS X) AppleWebKit/605.1.15 (KHTML, like Gecko) Version/16.0 Mobile/15E148 Safari/604.1","ru","foUJHElzjQ3gL6AY9RKXzkb6KARIsk1gJhvWqsWY","1672133085","GET","/car/skoda-rapid-2019"
"80","81.92.202.38","Mozilla/5.0 (iPhone; CPU iPhone OS 16_0_2 like Mac OS X) AppleWebKit/605.1.15 (KHTML, like Gecko) Version/16.0 Mobile/15E148 Safari/604.1","ru","foUJHElzjQ3gL6AY9RKXzkb6KARIsk1gJhvWqsWY","1672133124","GET","/class/premium"
"81","81.92.202.38","Mozilla/5.0 (iPhone; CPU iPhone OS 16_0_2 like Mac OS X) AppleWebKit/605.1.15 (KHTML, like Gecko) Version/16.0 Mobile/15E148 Safari/604.1","ru","foUJHElzjQ3gL6AY9RKXzkb6KARIsk1gJhvWqsWY","1672133131","GET","/class/ekonom"
"82","81.92.202.38","Mozilla/5.0 (iPhone; CPU iPhone OS 16_0_2 like Mac OS X) AppleWebKit/605.1.15 (KHTML, like Gecko) Version/16.0 Mobile/15E148 Safari/604.1","ru","foUJHElzjQ3gL6AY9RKXzkb6KARIsk1gJhvWqsWY","1672133143","GET","/car/skoda-rapid-2019"
"83","81.92.202.38","Mozilla/5.0 (iPhone; CPU iPhone OS 16_0_2 like Mac OS X) AppleWebKit/605.1.15 (KHTML, like Gecko) Version/16.0 Mobile/15E148 Safari/604.1","ru","foUJHElzjQ3gL6AY9RKXzkb6KARIsk1gJhvWqsWY","1672133169","GET","/car/skoda-rapid-2019"
"84","81.92.202.38","Mozilla/5.0 (iPhone; CPU iPhone OS 16_0_2 like Mac OS X) AppleWebKit/605.1.15 (KHTML, like Gecko) Version/16.0 Mobile/15E148 Safari/604.1","ru","foUJHElzjQ3gL6AY9RKXzkb6KARIsk1gJhvWqsWY","1672133210","GET","/arenda-avto-feodosiya?utm_source=google&utm_medium=cpc&utm_campaign=foxrent&utm_content=&utm_term=%D0%B0%D1%80%D0%B5%D0%BD%D0%B4%D0%B0%20%D0%B0%D0%B2%D1%82%D0%BE%20%D1%84%D0%B5%D0%BE%D0%B4%D0%BE%D1%81%D0%B8%D1%8F"
"85","66.249.65.15","Mozilla/5.0 (compatible; Googlebot/2.1; +http://www.google.com/bot.html)",NULL,NULL,"1672133761","GET","/"
"86","81.92.202.38","Mozilla/5.0 (iPhone; CPU iPhone OS 16_0_2 like Mac OS X) AppleWebKit/605.1.15 (KHTML, like Gecko) Version/16.0 Mobile/15E148 Safari/604.1","ru","foUJHElzjQ3gL6AY9RKXzkb6KARIsk1gJhvWqsWY","1672133982","GET","/arenda-avto-feodosiya?utm_source=google&utm_medium=cpc&utm_campaign=foxrent&utm_content=&utm_term=%D0%B0%D1%80%D0%B5%D0%BD%D0%B4%D0%B0%20%D0%B0%D0%B2%D1%82%D0%BE%20%D1%84%D0%B5%D0%BE%D0%B4%D0%BE%D1%81%D0%B8%D1%8F"
"87","81.92.202.38","Mozilla/5.0 (iPhone; CPU iPhone OS 16_0_2 like Mac OS X) AppleWebKit/605.1.15 (KHTML, like Gecko) Version/16.0 Mobile/15E148 Safari/604.1","ru","foUJHElzjQ3gL6AY9RKXzkb6KARIsk1gJhvWqsWY","1672133986","GET","/class/ekonom"
"88","81.92.202.38","Mozilla/5.0 (iPhone; CPU iPhone OS 16_0_2 like Mac OS X) AppleWebKit/605.1.15 (KHTML, like Gecko) Version/16.0 Mobile/15E148 Safari/604.1","ru","foUJHElzjQ3gL6AY9RKXzkb6KARIsk1gJhvWqsWY","1672133990","GET","/car/kia-rio-20152016"
"89","81.92.202.38","Mozilla/5.0 (iPhone; CPU iPhone OS 16_0_2 like Mac OS X) AppleWebKit/605.1.15 (KHTML, like Gecko) Version/16.0 Mobile/15E148 Safari/604.1","ru",NULL,"1672134322","GET","/car/kia-rio-20152016"
"90","81.92.202.38","MobileSafari/8614.1.25.0.31 CFNetwork/1390 Darwin/22.0.0","ru",NULL,"1672134323","GET","/apple-touch-icon-120x120-precomposed.png"
"91","81.92.202.38","MobileSafari/8614.1.25.0.31 CFNetwork/1390 Darwin/22.0.0","ru",NULL,"1672134324","GET","/apple-touch-icon-120x120.png"
"92","81.92.202.38","MobileSafari/8614.1.25.0.31 CFNetwork/1390 Darwin/22.0.0","ru",NULL,"1672134324","GET","/apple-touch-icon-precomposed.png"
"93","81.92.202.38","MobileSafari/8614.1.25.0.31 CFNetwork/1390 Darwin/22.0.0","ru",NULL,"1672134324","GET","/apple-touch-icon.png"
"94","81.92.202.38","MobileSafari/8614.1.25.0.31 CFNetwork/1390 Darwin/22.0.0","ru",NULL,"1672134325","GET","/apple-touch-icon-120x120-precomposed.png"
"95","81.92.202.38","MobileSafari/8614.1.25.0.31 CFNetwork/1390 Darwin/22.0.0","ru",NULL,"1672134325","GET","/apple-touch-icon-120x120.png"
"96","81.92.202.38","MobileSafari/8614.1.25.0.31 CFNetwork/1390 Darwin/22.0.0","ru",NULL,"1672134326","GET","/apple-touch-icon-precomposed.png"
"97","81.92.202.38","MobileSafari/8614.1.25.0.31 CFNetwork/1390 Darwin/22.0.0","ru",NULL,"1672134326","GET","/apple-touch-icon.png"
"98","217.199.225.63","Mozilla/5.0 (Linux; arm_64; Android 11; SM-A125F) AppleWebKit/537.36 (KHTML, like Gecko) Chrome/104.0.5112.114 YaApp_Android/22.93.1 YaSearchBrowser/22.93.1 BroPP/1.0 SA/3 Mobile Safari/537.36","ru-RU,ru;q=0.9,en-US;q=0.8,en;q=0.7",NULL,"1672134974","GET","/"
"99","37.110.55.149","Mozilla/5.0 (Windows NT 10.0; Win64; x64) AppleWebKit/537.36 (KHTML, like Gecko) Chrome/108.0.0.0 Safari/537.36 Edg/108.0.1462.54","ru-RU,ru;q=0.9,en-US;q=0.8,en;q=0.7",NULL,"1672136061","GET","/blog/sotovaya-svyaz-v-krymu-v-2022-godu"
"100","88.83.200.111","Mozilla/5.0 (Windows NT 6.3; Win64; x64) AppleWebKit/537.36 (KHTML, like Gecko) Chrome/106.0.0.0 YaBrowser/22.11.3.818 Yowser/2.5 Safari/537.36","ru-RU,ru;q=0.9,en-US;q=0.8,en;q=0.7",NULL,"1672136067","GET","/car/porsche-cayenne-30-2021"
"101","80.82.63.82","Mozilla/5.0 (Windows NT 6.1) AppleWebKit/537.36 (KHTML, like Gecko) Chrome/106.0.0.0 YaBrowser/22.11.3.815 Yowser/2.5 Safari/537.36","ru-RU,ru;q=0.9,en-US;q=0.8,en;q=0.7",NULL,"1672136097","GET","/body/kabriolet"
"102","95.29.224.144","Mozilla/5.0 (Windows NT 10.0; Win64; x64) AppleWebKit/537.36 (KHTML, like Gecko) Chrome/108.0.0.0 Safari/537.36 Edg/108.0.1462.54","ru-RU,ru;q=0.9,en-US;q=0.8,en;q=0.7",NULL,"1672136120","GET","/arenda-avto-feodosiya"
"103","79.105.116.88","Mozilla/5.0 (Windows NT 10.0; Win64; x64) AppleWebKit/537.36 (KHTML, like Gecko) Chrome/108.0.0.0 Safari/537.36","ru-RU,ru;q=0.9,en-US;q=0.8,en;q=0.7",NULL,"1672136243","GET","/"
"104","46.173.88.87","Mozilla/5.0 (Linux; Android 10; DNN-LX9; HMSCore 6.8.0.331) AppleWebKit/537.36 (KHTML, like Gecko) Chrome/92.0.4515.105 HuaweiBrowser/12.1.3.304 Mobile Safari/537.36","ru-RU,ru;q=0.9,en-US;q=0.8,en;q=0.7",NULL,"1672136383","GET","/"
"105","46.173.88.87","Mozilla/5.0 (Linux; Android 10; DNN-LX9; HMSCore 6.8.0.331) AppleWebKit/537.36 (KHTML, like Gecko) Chrome/92.0.4515.105 HuaweiBrowser/12.1.3.304 Mobile Safari/537.36","ru-RU,ru;q=0.9,en-US;q=0.8,en;q=0.7","MQ2cnPSdxMkg8pk7ZiR22YslKuXZkGngd6kRY7r0","1672136388","GET","/body/miniven"
"106","114.119.151.155","Mozilla/5.0 (Linux; Android 7.0;) AppleWebKit/537.36 (KHTML, like Gecko) Mobile Safari/537.36 (compatible; PetalBot;+https://webmaster.petalsearch.com/site/petalbot)","en",NULL,"1672136824","GET","/car/mercedes-slk"
"107","114.119.151.155","Mozilla/5.0 (Linux; Android 7.0;) AppleWebKit/537.36 (KHTML, like Gecko) Mobile Safari/537.36 (compatible; PetalBot;+https://webmaster.petalsearch.com/site/petalbot)","en",NULL,"1672136958","GET","/arenda-avto-feodosiya"
"108","79.173.88.74","Mozilla/5.0 (iPhone; CPU iPhone OS 16_2 like Mac OS X) AppleWebKit/605.1.15 (KHTML, like Gecko) Version/16.2 Mobile/15E148 Safari/604.1","ru-RU,ru;q=0.9,en-US;q=0.8,en;q=0.7",NULL,"1672137036","GET","/body/kabriolet"
"109","46.151.155.1","Mozilla/5.0 (Linux; Android 12; M2102J20SG) AppleWebKit/537.36 (KHTML, like Gecko) Chrome/108.0.0.0 Mobile Safari/537.36","ru-RU,ru;q=0.9,en-US;q=0.8,en;q=0.7",NULL,"1672137043","GET","/blog/sotovaya-svyaz-v-krymu-v-2022-godu"
"110","79.173.90.143","Mozilla/5.0 (iPhone; CPU iPhone OS 16_0_3 like Mac OS X) AppleWebKit/605.1.15 (KHTML, like Gecko) Version/16.0 Mobile/15E148 Safari/604.1","ru-RU,ru;q=0.9,en-US;q=0.8,en;q=0.7",NULL,"1672137058","GET","/"
"111","114.119.130.218","Mozilla/5.0 (Linux; Android 7.0;) AppleWebKit/537.36 (KHTML, like Gecko) Mobile Safari/537.36 (compatible; PetalBot;+https://webmaster.petalsearch.com/site/petalbot)","en",NULL,"1672137682","GET","/car/porsche-cayenne-30-2021?place=12"
"112","114.119.141.112","Mozilla/5.0 (Linux; Android 7.0;) AppleWebKit/537.36 (KHTML, like Gecko) Mobile Safari/537.36 (compatible; PetalBot;+https://webmaster.petalsearch.com/site/petalbot)","en",NULL,"1672137786","GET","/car/bmw-x3-diesel"
"113","114.119.135.182","Mozilla/5.0 (Linux; Android 7.0;) AppleWebKit/537.36 (KHTML, like Gecko) Mobile Safari/537.36 (compatible; PetalBot;+https://webmaster.petalsearch.com/site/petalbot)","en",NULL,"1672137835","GET","/arenda-avto-gurzuf"
"114","95.217.83.62","Mozilla/5.0 (Windows NT 10.0; WOW64; rv:45.0) Gecko/20100101 Firefox/45.0","en-US,en;q=0.5",NULL,"1672138450","GET","/blog/sotovaya-svyaz-v-krymu-v-2022-godu"
"115","178.176.64.169","Mozilla/5.0 (Linux; Android 12; SM-X906B) AppleWebKit/537.36 (KHTML, like Gecko) Chrome/103.0.0.0 Safari/537.36","ru-RU,ru;q=0.9,en-US;q=0.8,en;q=0.7","R37P7X3ZW984ihPq6lYe2niNxFt1JGuhBZfNNE7o","1672138453","GET","/blog/sotovaya-svyaz-v-krymu-v-2022-godu"
"116","114.119.160.248","Mozilla/5.0 (Linux; Android 7.0;) AppleWebKit/537.36 (KHTML, like Gecko) Mobile Safari/537.36 (compatible; PetalBot;+https://webmaster.petalsearch.com/site/petalbot)","en",NULL,"1672138684","GET","/car/mini-cooper-countryman?place=13"
"117","114.119.150.2","Mozilla/5.0 (Linux; Android 7.0;) AppleWebKit/537.36 (KHTML, like Gecko) Mobile Safari/537.36 (compatible; PetalBot;+https://webmaster.petalsearch.com/site/petalbot)","en",NULL,"1672138756","GET","/car/bmw-x3-diesel?place=1"
"118","114.119.132.192","Mozilla/5.0 (Linux; Android 7.0;) AppleWebKit/537.36 (KHTML, like Gecko) Mobile Safari/537.36 (compatible; PetalBot;+https://webmaster.petalsearch.com/site/petalbot)","en",NULL,"1672139322","GET","/car/bmw-x3-diesel?place=17"
"119","114.119.159.183","Mozilla/5.0 (Linux; Android 7.0;) AppleWebKit/537.36 (KHTML, like Gecko) Mobile Safari/537.36 (compatible; PetalBot;+https://webmaster.petalsearch.com/site/petalbot)","en",NULL,"1672141086","GET","/car/nissan-qashqai?place=13"
"120","212.192.168.214","Mozilla/5.0 (Windows NT 10.0; Win64; x64) AppleWebKit/537.36 (KHTML, like Gecko) Chrome/106.0.0.0 YaBrowser/22.11.3.818 Yowser/2.5 Safari/537.36","ru-RU,ru;q=0.8,en-US;q=0.5,en;q=0.3",NULL,"1672141340","GET","/"
"121","212.192.168.214","Mozilla/5.0 (Windows NT 10.0; Win64; x64) AppleWebKit/537.36 (KHTML, like Gecko) Chrome/106.0.0.0 YaBrowser/22.11.3.818 Yowser/2.5 Safari/537.36","ru-RU,ru;q=0.8,en-US;q=0.5,en;q=0.3","8w3M1iXbYpGUIVEqpjg7onj57iF92aZtKvycBqjV","1672141541","GET","/arenda-avto-sevastopol"
"122","77.88.5.219","Mozilla/5.0 (compatible; YandexBot/3.0; +http://yandex.com/bots)",NULL,NULL,"1672141591","GET","/arenda-avto-sevastopol"
"123","212.192.168.214","Mozilla/5.0 (Windows NT 10.0; Win64; x64) AppleWebKit/537.36 (KHTML, like Gecko) Chrome/106.0.0.0 YaBrowser/22.11.3.818 Yowser/2.5 Safari/537.36","ru-RU,ru;q=0.8,en-US;q=0.5,en;q=0.3","8w3M1iXbYpGUIVEqpjg7onj57iF92aZtKvycBqjV","1672141726","GET","/arenda-avto-sudak"
"124","77.88.5.246","Mozilla/5.0 (compatible; YandexBot/3.0; +http://yandex.com/bots)",NULL,NULL,"1672141770","GET","/arenda-avto-sudak"
"125","212.192.168.214","Mozilla/5.0 (Windows NT 10.0; Win64; x64) AppleWebKit/537.36 (KHTML, like Gecko) Chrome/106.0.0.0 YaBrowser/22.11.3.818 Yowser/2.5 Safari/537.36","ru-RU,ru;q=0.8,en-US;q=0.5,en;q=0.3","8w3M1iXbYpGUIVEqpjg7onj57iF92aZtKvycBqjV","1672141902","GET","/arenda-avto-aeroport-simferopol"
"126","77.88.5.243","Mozilla/5.0 (compatible; YandexBot/3.0; +http://yandex.com/bots)",NULL,NULL,"1672141948","GET","/arenda-avto-aeroport-simferopol"
"127","2.56.24.118","Mozilla/5.0 (iPhone; CPU iPhone OS 16_1_1 like Mac OS X) AppleWebKit/605.1.15 (KHTML, like Gecko) Version/16.1 Mobile/15E148 Safari/604.1","ru",NULL,"1672142002","GET","/car"
"128","2.56.24.118","Mozilla/5.0 (iPhone; CPU iPhone OS 16_1_1 like Mac OS X) AppleWebKit/605.1.15 (KHTML, like Gecko) Version/16.1 Mobile/15E148 Safari/604.1","ru","kvJG9PS71EyFPiO6q3zIj1XRHjodowiMHpY6HKKa","1672142007","GET","/car/skoda-rapid"
"129","114.119.154.59","Mozilla/5.0 (Linux; Android 7.0;) AppleWebKit/537.36 (KHTML, like Gecko) Mobile Safari/537.36 (compatible; PetalBot;+https://webmaster.petalsearch.com/site/petalbot)","en",NULL,"1672142024","GET","/car/skoda-rapid?place=12"
"130","2.56.24.100","Mozilla/5.0 (Linux; arm_64; Android 11; Redmi Note 8 Pro) AppleWebKit/537.36 (KHTML, like Gecko) Chrome/106.0.0.0 YaBrowser/22.11.5.82.00 SA/3 Mobile Safari/537.36","ru-RU,ru;q=0.9,en-US;q=0.8,en;q=0.7",NULL,"1672142756","GET","/"
"131","2.56.24.100","Mozilla/5.0 (Linux; arm_64; Android 11; Redmi Note 8 Pro) AppleWebKit/537.36 (KHTML, like Gecko) Chrome/106.0.0.0 YaBrowser/22.11.5.82.00 SA/3 Mobile Safari/537.36","ru-RU,ru;q=0.9,en-US;q=0.8,en;q=0.7","PX0UoMCUWPBtXmY5TNfGJ9k4sgpe0CUef7AqX5vu","1672142813","GET","/car/volkswagen-polo-20192020"
"132","89.107.138.77","Mozilla/5.0 (Linux; Android 10; M2006C3MNG) AppleWebKit/537.36 (KHTML, like Gecko) Chrome/108.0.0.0 Mobile Safari/537.36","ru-RU,ru;q=0.9,en-US;q=0.8,en;q=0.7",NULL,"1672142872","GET","/"
"133","89.107.138.77","Mozilla/5.0 (Linux; Android 10; M2006C3MNG) AppleWebKit/537.36 (KHTML, like Gecko) Chrome/108.0.0.0 Mobile Safari/537.36","ru-RU,ru;q=0.9,en-US;q=0.8,en;q=0.7","rRwKNHVA7PwfyNxFPX3QWDTj2siAl1Z6Zbdmv2k9","1672142883","GET","/car/hyundai-solaris-20182020"
"134","2.56.24.118","Mozilla/5.0 (iPhone; CPU iPhone OS 16_1_1 like Mac OS X) AppleWebKit/605.1.15 (KHTML, like Gecko) Version/16.1 Mobile/15E148 Safari/604.1","ru","kvJG9PS71EyFPiO6q3zIj1XRHjodowiMHpY6HKKa","1672142975","GET","/car/nissan-almera-20152017"
"135","79.105.116.88","Mozilla/5.0 (Windows NT 10.0; Win64; x64) AppleWebKit/537.36 (KHTML, like Gecko) Chrome/108.0.0.0 Safari/537.36","ru-RU,ru;q=0.9,en-US;q=0.8,en;q=0.7","7OD2dek0wghT7gbriZRdiHWYVQ97rbTEbMJ2I3zY","1672143157","GET","/"
"136","79.105.116.88","Mozilla/5.0 (Windows NT 10.0; Win64; x64) AppleWebKit/537.36 (KHTML, like Gecko) Chrome/108.0.0.0 Safari/537.36","ru-RU,ru;q=0.9,en-US;q=0.8,en;q=0.7","7OD2dek0wghT7gbriZRdiHWYVQ97rbTEbMJ2I3zY","1672143165","GET","/car"
"137","79.105.116.88","Mozilla/5.0 (Windows NT 10.0; Win64; x64) AppleWebKit/537.36 (KHTML, like Gecko) Chrome/108.0.0.0 Safari/537.36","ru-RU,ru;q=0.9,en-US;q=0.8,en;q=0.7","7OD2dek0wghT7gbriZRdiHWYVQ97rbTEbMJ2I3zY","1672143171","GET","/class/ekonom"
"138","77.246.248.37","Mozilla/5.0 (Linux; Android 10; M2006C3LG) AppleWebKit/537.36 (KHTML, like Gecko) Chrome/108.0.0.0 Mobile Safari/537.36","ru-RU",NULL,"1672143354","GET","/"
"139","77.246.248.37","Mozilla/5.0 (Linux; Android 10; M2006C3LG) AppleWebKit/537.36 (KHTML, like Gecko) Chrome/108.0.0.0 Mobile Safari/537.36","ru-RU,ru;q=0.9,en-US;q=0.8,en;q=0.7","KkUui0pWLhEBXJHsfSdajHHIAIUZQ9KUcMbrXhFm","1672143364","GET","/class/ekonom"
"140","93.158.161.45","Mozilla/5.0 (compatible; YandexBot/3.0; +http://yandex.com/bots)",NULL,NULL,"1672143396","GET","/class/ekonom"
"141","77.246.248.37","Mozilla/5.0 (Linux; Android 10; M2006C3LG) AppleWebKit/537.36 (KHTML, like Gecko) Chrome/108.0.0.0 Mobile Safari/537.36","ru-RU","KkUui0pWLhEBXJHsfSdajHHIAIUZQ9KUcMbrXhFm","1672143576","GET","/"
"142","77.88.5.230","Mozilla/5.0 (compatible; YandexBot/3.0; +http://yandex.com/bots) AppleWebKit/537.36 (KHTML, like Gecko) Chrome/81.0.4044.268",NULL,NULL,"1672144057","GET","/car/land-rover-range-rover-vogue"
"143","114.119.136.208","Mozilla/5.0 (Linux; Android 7.0;) AppleWebKit/537.36 (KHTML, like Gecko) Mobile Safari/537.36 (compatible; PetalBot;+https://webmaster.petalsearch.com/site/petalbot)","en",NULL,"1672144081","GET","/car/mercedes-benz-viano?place=3"
"144","79.105.116.88","Mozilla/5.0 (Windows NT 10.0; Win64; x64) AppleWebKit/537.36 (KHTML, like Gecko) Chrome/108.0.0.0 Safari/537.36","ru-RU,ru;q=0.9,en-US;q=0.8,en;q=0.7","7OD2dek0wghT7gbriZRdiHWYVQ97rbTEbMJ2I3zY","1672144443","GET","/class/ekonom"
"145","109.200.154.162","Mozilla/5.0 (X11; Linux x86_64; rv:52.0) Gecko/20100101 Firefox/52.0","ru-RU,ru;q=0.8,en-US;q=0.5,en;q=0.3",NULL,"1672144611","GET","/?_openstat=ZGlyZWN0LnlhbmRleC5ydTs2MzY3NzI1MzsxMTIwMzY2ODU1OTt5YW5kZXgucnU6cHJlbWl1bQ&yclid=14612210474523820031"
"146","109.200.154.162","Mozilla/5.0 (X11; Linux x86_64; rv:52.0) Gecko/20100101 Firefox/52.0","ru-RU,ru;q=0.8,en-US;q=0.5,en;q=0.3","7lBdJkAlts8OKQdKo734FC14ENdkRn8kJvsi45pH","1672144619","GET","/class/ekonom"
"147","109.200.154.162","Mozilla/5.0 (X11; Linux x86_64; rv:52.0) Gecko/20100101 Firefox/52.0","ru-RU,ru;q=0.8,en-US;q=0.5,en;q=0.3","7lBdJkAlts8OKQdKo734FC14ENdkRn8kJvsi45pH","1672144669","GET","/car/hyundai-solaris-20182020"
"148","46.151.151.93","Mozilla/5.0 (iPhone; CPU iPhone OS 15_7_1 like Mac OS X) AppleWebKit/605.1.15 (KHTML, like Gecko) Version/15.6.3 Mobile/15E148 Safari/604.1","ru",NULL,"1672145670","GET","/car/hyundai-solaris-20182020"
"149","188.123.230.187","Mozilla/5.0 (iPhone; CPU iPhone OS 15_5 like Mac OS X) AppleWebKit/605.1.15 (KHTML, like Gecko) Version/15.0 YaBrowser/22.11.8.36.10 SA/3 Mobile/15E148 Safari/604.1","ru",NULL,"1672147037","GET","/blog/sotovaya-svyaz-v-krymu-v-2022-godu?ysclid=lc6967coq4284838970"
"150","95.153.176.91","Mozilla/5.0 (Linux; Android 11; SAMSUNG SM-A515F) AppleWebKit/537.36 (KHTML, like Gecko) SamsungBrowser/19.0 Chrome/102.0.5005.125 Mobile Safari/537.36","ru-RU,ru;q=0.9,en-US;q=0.8,en;q=0.7",NULL,"1672147403","GET","/"
"151","95.153.176.91","Mozilla/5.0 (Linux; Android 11; SAMSUNG SM-A515F) AppleWebKit/537.36 (KHTML, like Gecko) SamsungBrowser/19.0 Chrome/102.0.5005.125 Mobile Safari/537.36","ru-RU,ru;q=0.9,en-US;q=0.8,en;q=0.7","sKqLpOru8DWvPAFL76JmKVhG7SY6Ex3KBdwbdUVc","1672147439","GET","/car/audi-a6"
"152","95.153.176.91","Mozilla/5.0 (Linux; Android 11; SAMSUNG SM-A515F) AppleWebKit/537.36 (KHTML, like Gecko) SamsungBrowser/19.0 Chrome/102.0.5005.125 Mobile Safari/537.36","ru-RU,ru;q=0.9,en-US;q=0.8,en;q=0.7","sKqLpOru8DWvPAFL76JmKVhG7SY6Ex3KBdwbdUVc","1672147464","GET","/car/mercedes-slk"
"153","114.119.159.177","Mozilla/5.0 (Linux; Android 7.0;) AppleWebKit/537.36 (KHTML, like Gecko) Mobile Safari/537.36 (compatible; PetalBot;+https://webmaster.petalsearch.com/site/petalbot)","en",NULL,"1672147753","GET","/car/mercedes-slk?place=15"
"154","80.245.115.26","Mozilla/5.0 (iPhone; CPU iPhone OS 14_3 like Mac OS X) AppleWebKit/605.1.15 (KHTML, like Gecko) Version/14.0.2 Mobile/15E148 Safari/604.1","ru",NULL,"1672148144","GET","/"
"155","80.245.115.26","Mozilla/5.0 (iPhone; CPU iPhone OS 14_3 like Mac OS X) AppleWebKit/605.1.15 (KHTML, like Gecko) Version/14.0.2 Mobile/15E148 Safari/604.1","ru","jdBS5Hgpf6u5O7I9B35qjCYzjxSciMYeap9X4CUD","1672148153","GET","/body/vnedoroznik"
"156","80.245.115.26","Mozilla/5.0 (iPhone; CPU iPhone OS 14_3 like Mac OS X) AppleWebKit/605.1.15 (KHTML, like Gecko) Version/14.0.2 Mobile/15E148 Safari/604.1","ru","jdBS5Hgpf6u5O7I9B35qjCYzjxSciMYeap9X4CUD","1672148195","GET","/car/porsche-cayenne-30-2021"
"157","80.245.115.26","Mozilla/5.0 (iPhone; CPU iPhone OS 14_3 like Mac OS X) AppleWebKit/605.1.15 (KHTML, like Gecko) Version/14.0.2 Mobile/15E148 Safari/604.1","ru","jdBS5Hgpf6u5O7I9B35qjCYzjxSciMYeap9X4CUD","1672148210","GET","/car/bmw-x3-diesel"
"158","80.245.115.26","Mozilla/5.0 (iPhone; CPU iPhone OS 14_3 like Mac OS X) AppleWebKit/605.1.15 (KHTML, like Gecko) Version/14.0.2 Mobile/15E148 Safari/604.1","ru","jdBS5Hgpf6u5O7I9B35qjCYzjxSciMYeap9X4CUD","1672148265","GET","/car/cadillac-srx-ii"
"159","80.245.115.26","Mozilla/5.0 (iPhone; CPU iPhone OS 14_3 like Mac OS X) AppleWebKit/605.1.15 (KHTML, like Gecko) Version/14.0.2 Mobile/15E148 Safari/604.1","ru","jdBS5Hgpf6u5O7I9B35qjCYzjxSciMYeap9X4CUD","1672148278","GET","/car/audi-q3"
"160","80.245.115.26","Mozilla/5.0 (iPhone; CPU iPhone OS 14_3 like Mac OS X) AppleWebKit/605.1.15 (KHTML, like Gecko) Version/14.0.2 Mobile/15E148 Safari/604.1","ru","jdBS5Hgpf6u5O7I9B35qjCYzjxSciMYeap9X4CUD","1672148285","GET","/car/chery-tiggo-7-pro"
"161","80.245.115.26","Mozilla/5.0 (iPhone; CPU iPhone OS 14_3 like Mac OS X) AppleWebKit/605.1.15 (KHTML, like Gecko) Version/14.0.2 Mobile/15E148 Safari/604.1","ru","jdBS5Hgpf6u5O7I9B35qjCYzjxSciMYeap9X4CUD","1672148308","GET","/"
"162","80.245.115.26","Mozilla/5.0 (iPhone; CPU iPhone OS 14_3 like Mac OS X) AppleWebKit/605.1.15 (KHTML, like Gecko) Version/14.0.2 Mobile/15E148 Safari/604.1","ru","jdBS5Hgpf6u5O7I9B35qjCYzjxSciMYeap9X4CUD","1672148311","GET","/class/premium"
"163","80.245.115.26","Mozilla/5.0 (iPhone; CPU iPhone OS 14_3 like Mac OS X) AppleWebKit/605.1.15 (KHTML, like Gecko) Version/14.0.2 Mobile/15E148 Safari/604.1","ru","jdBS5Hgpf6u5O7I9B35qjCYzjxSciMYeap9X4CUD","1672148320","GET","/car/bmw-6-kabriolet"
"164","80.245.115.26","Mozilla/5.0 (iPhone; CPU iPhone OS 14_3 like Mac OS X) AppleWebKit/605.1.15 (KHTML, like Gecko) Version/14.0.2 Mobile/15E148 Safari/604.1","ru","jdBS5Hgpf6u5O7I9B35qjCYzjxSciMYeap9X4CUD","1672148336","GET","/class/biznes"
"165","80.245.115.26","Mozilla/5.0 (iPhone; CPU iPhone OS 14_3 like Mac OS X) AppleWebKit/605.1.15 (KHTML, like Gecko) Version/14.0.2 Mobile/15E148 Safari/604.1","ru","jdBS5Hgpf6u5O7I9B35qjCYzjxSciMYeap9X4CUD","1672148369","GET","/body/kabriolet"
"166","31.135.104.105","Mozilla/5.0 (Windows NT 10.0; Win64; x64) AppleWebKit/537.36 (KHTML, like Gecko) Chrome/106.0.0.0 YaBrowser/22.11.3.818 Yowser/2.5 Safari/537.36","ru,en;q=0.9",NULL,"1672148859","GET","/?etext=2202.ks812i8T8i5pv0VbDGR530Geyqk9IYMF5WNG1h9JL14P3pQ137o6iZGLtAq4llIhKDAEYjqHj61on5764BYeyGF2Zmlpbmlhc3Byb2l4dHg.995ca6ce5b512a10a835afbeea9c8b53bbac42cf&yclid=7736409289932727176"
"167","31.135.104.105","Mozilla/5.0 (Windows NT 10.0; Win64; x64) AppleWebKit/537.36 (KHTML, like Gecko) Chrome/106.0.0.0 YaBrowser/22.11.3.818 Yowser/2.5 Safari/537.36","ru,en;q=0.9","RkxNXXj5juOe4JQsZzvOWod1G1k7feKNG5SwKBCS","1672148876","GET","/car/mercedes-slk"
"168","31.135.104.105","Mozilla/5.0 (Windows NT 10.0; Win64; x64) AppleWebKit/537.36 (KHTML, like Gecko) Chrome/106.0.0.0 YaBrowser/22.11.3.818 Yowser/2.5 Safari/537.36","ru,en;q=0.9","RkxNXXj5juOe4JQsZzvOWod1G1k7feKNG5SwKBCS","1672148922","GET","/car/audi-a6"
"169","77.88.5.82","Mozilla/5.0 (compatible; YandexBot/3.0; +http://yandex.com/bots)",NULL,NULL,"1672148940","GET","/?etext=2202.ks812i8T8i5pv0VbDGR530Geyqk9IYMF5WNG1h9JL14P3pQ137o6iZGLtAq4llIhKDAEYjqHj61on5764BYeyGF2Zmlpbmlhc3Byb2l4dHg.995ca6ce5b512a10a835afbeea9c8b53bbac42cf"
"170","104.28.230.246","Mozilla/5.0 (iPhone; CPU iPhone OS 16_0 like Mac OS X) AppleWebKit/605.1.15 (KHTML, like Gecko) Version/16.0 Mobile/15E148 Safari/604.1","ru",NULL,"1672149104","GET","/"
"171","104.28.230.246","Mozilla/5.0 (iPhone; CPU iPhone OS 16_0 like Mac OS X) AppleWebKit/605.1.15 (KHTML, like Gecko) Version/16.0 Mobile/15E148 Safari/604.1","ru","8BH5ICbsokdNQdc4cnTLbWbi3bZbz6gDpKivPBJY","1672149108","GET","/class/biznes"
"172","104.28.230.246","Mozilla/5.0 (iPhone; CPU iPhone OS 16_0 like Mac OS X) AppleWebKit/605.1.15 (KHTML, like Gecko) Version/16.0 Mobile/15E148 Safari/604.1","ru","8BH5ICbsokdNQdc4cnTLbWbi3bZbz6gDpKivPBJY","1672149145","GET","/car/bmw-x3-diesel"
"173","194.147.50.10","Mozilla/5.0 (iPhone; CPU iPhone OS 15_3_1 like Mac OS X) AppleWebKit/605.1.15 (KHTML, like Gecko) Version/15.3 Mobile/15E148 Safari/604.1","ru",NULL,"1672149267","GET","/car"
"174","194.147.50.10","Mozilla/5.0 (iPhone; CPU iPhone OS 15_3_1 like Mac OS X) AppleWebKit/605.1.15 (KHTML, like Gecko) Version/15.3 Mobile/15E148 Safari/604.1","ru","067WWnw4GmG4imUeHNcDErlASYPoyEgbTIMmUUlc","1672149285","GET","/class/biznes"
"175","194.147.50.10","Mozilla/5.0 (iPhone; CPU iPhone OS 15_3_1 like Mac OS X) AppleWebKit/605.1.15 (KHTML, like Gecko) Version/15.3 Mobile/15E148 Safari/604.1","ru","067WWnw4GmG4imUeHNcDErlASYPoyEgbTIMmUUlc","1672149286","GET","/class/biznes"
"176","194.147.50.10","Mozilla/5.0 (iPhone; CPU iPhone OS 15_3_1 like Mac OS X) AppleWebKit/605.1.15 (KHTML, like Gecko) Version/15.3 Mobile/15E148 Safari/604.1","ru","067WWnw4GmG4imUeHNcDErlASYPoyEgbTIMmUUlc","1672149302","GET","/car/audi-a6"
"177","194.147.50.10","Mozilla/5.0 (iPhone; CPU iPhone OS 15_3_1 like Mac OS X) AppleWebKit/605.1.15 (KHTML, like Gecko) Version/15.3 Mobile/15E148 Safari/604.1","ru","067WWnw4GmG4imUeHNcDErlASYPoyEgbTIMmUUlc","1672149344","GET","/car/kia-sorento-4x4-diesel"
"178","5.75.173.212","Mozilla/5.0 (X11; Linux x86_64) AppleWebKit/537.36 (KHTML, like Gecko) Chrome/80.0.3987.106 Safari/537.36",NULL,NULL,"1672149618","GET","/"
"179","46.35.247.148","Mozilla/5.0 (Windows NT 10.0; Win64; x64) AppleWebKit/537.36 (KHTML, like Gecko) Chrome/106.0.0.0 YaBrowser/22.11.5.715 Yowser/2.5 Safari/537.36","ru,en;q=0.9",NULL,"1672150355","GET","/?_openstat=ZGlyZWN0LnlhbmRleC5ydTs2MzY3NzI1MzsxMDkyODMxNzU0MDt5YW5kZXgucnU6cHJlbWl1bQ&yclid=6092800685409304575"
"180","54.245.128.135","Mozilla/5.0 (X11; Linux x86_64) AppleWebKit/537.36 (KHTML, like Gecko) Chrome/83.0.4103.97 Safari/537.36",NULL,NULL,"1672150482","GET","/"
"181","35.88.109.6","Mozilla/5.0 (X11; Linux x86_64) AppleWebKit/537.36 (KHTML, like Gecko) Chrome/83.0.4103.97 Safari/537.36",NULL,NULL,"1672150496","GET","/"
"182","34.221.169.139","Mozilla/5.0 (X11; Linux x86_64) AppleWebKit/537.36 (KHTML, like Gecko) Chrome/83.0.4103.97 Safari/537.36",NULL,NULL,"1672150499","GET","/"
"183","46.35.247.148","Mozilla/5.0 (Windows NT 10.0; Win64; x64) AppleWebKit/537.36 (KHTML, like Gecko) Chrome/106.0.0.0 YaBrowser/22.11.5.715 Yowser/2.5 Safari/537.36","ru,en;q=0.9","pBFTC6JybQldFonqIO6FxgQ89ptLI7uo10O5jKMj","1672150597","GET","/class/ekonom"
"184","85.91.219.17","Mozilla/5.0 (iPhone; CPU iPhone OS 16_0 like Mac OS X) AppleWebKit/605.1.15 (KHTML, like Gecko) Version/16.0 Mobile/15E148 Safari/604.1","ru",NULL,"1672150866","GET","/class/biznes"
"185","46.151.151.93","Mozilla/5.0 (iPhone; CPU iPhone OS 15_7_1 like Mac OS X) AppleWebKit/605.1.15 (KHTML, like Gecko) Version/15.6.3 Mobile/15E148 Safari/604.1","ru",NULL,"1672151363","GET","/car/hyundai-solaris-20182020"
"186","66.249.92.15","Mozilla/5.0 (iPhone; CPU iPhone OS 14_7_1 like Mac OS X) AppleWebKit/605.1.15 (KHTML, like Gecko) Version/14.1.2 Mobile/15E148 Safari/604.1 (compatible; AdsBot-Google-Mobile; +http://www.google.com/mobile/adsbot.html)",NULL,NULL,"1672152145","GET","/arenda-avto-yalta"
"187","66.249.92.59","Mozilla/5.0 (Linux; Android 5.0; SM-G920A) AppleWebKit (KHTML, like Gecko) Chrome Mobile Safari (compatible; AdsBot-Google-Mobile; +http://www.google.com/mobile/adsbot.html)",NULL,NULL,"1672152145","GET","/arenda-avto-yalta"
"188","66.249.92.17","AdsBot-Google (+http://www.google.com/adsbot.html)",NULL,NULL,"1672152598","GET","/body/miniven"
"189","93.77.165.21","Mozilla/5.0 (Macintosh; Intel Mac OS X 10_12_6) AppleWebKit/605.1.15 (KHTML, like Gecko) Version/12.1.2 Safari/605.1.15","ru",NULL,"1672154347","GET","/"
"190","93.77.165.21","Mozilla/5.0 (Macintosh; Intel Mac OS X 10_12_6) AppleWebKit/605.1.15 (KHTML, like Gecko) Version/12.1.2 Safari/605.1.15","ru","Ajzg5xZGpEe7uQxOfx1YX1lH3nnxs8kBu4TgazLt","1672154395","GET","/car"
"191","66.249.92.142","AdsBot-Google (+http://www.google.com/adsbot.html)",NULL,NULL,"1672154395","GET","/"
"192","85.193.66.18","Mozilla/5.0 (Linux; U; Android 12; 2107113SG Build/SKQ1.211006.001; wv) AppleWebKit/537.36 (KHTML, like Gecko) Version/4.0 Chrome/108.0.5359.128 Mobile Safari/537.36 OPR/66.2.2254.64268","ru-RU,ru;q=0.9,en-US;q=0.8,en;q=0.7",NULL,"1672155017","GET","/"
"193","85.193.66.18","Mozilla/5.0 (Linux; U; Android 12; 2107113SG Build/SKQ1.211006.001; wv) AppleWebKit/537.36 (KHTML, like Gecko) Version/4.0 Chrome/108.0.5359.128 Mobile Safari/537.36 OPR/66.2.2254.64268","ru-RU,ru;q=0.9,en-US;q=0.8,en;q=0.7","wB2vXmTyTvoiMl9GVdRkVcSE3re0LMo50Tx1MOe2","1672155020","GET","/class/ekonom"
"194","85.193.66.18","Mozilla/5.0 (Linux; U; Android 12; 2107113SG Build/SKQ1.211006.001; wv) AppleWebKit/537.36 (KHTML, like Gecko) Version/4.0 Chrome/108.0.5359.128 Mobile Safari/537.36 OPR/66.2.2254.64268","ru-RU,ru;q=0.9,en-US;q=0.8,en;q=0.7","wB2vXmTyTvoiMl9GVdRkVcSE3re0LMo50Tx1MOe2","1672155039","GET","/car/skoda-rapid"
"195","77.88.5.246","Mozilla/5.0 (compatible; YandexBot/3.0; +http://yandex.com/bots) AppleWebKit/537.36 (KHTML, like Gecko) Chrome/81.0.4044.268",NULL,NULL,"1672155068","GET","/"
"196","77.88.5.165","Mozilla/5.0 (compatible; YandexBot/3.0; +http://yandex.com/bots) AppleWebKit/537.36 (KHTML, like Gecko) Chrome/81.0.4044.268",NULL,NULL,"1672155084","GET","/car/skoda-rapid"
"197","188.191.21.121","Mozilla/5.0 (iPhone; CPU iPhone OS 15_7 like Mac OS X) AppleWebKit/605.1.15 (KHTML, like Gecko) Version/15.6,2 Mobile/15E148 Safari/604.1","ru",NULL,"1672155158","GET","/car/skoda-rapid"
"198","82.162.52.101","Mozilla/5.0 (Linux; Android 10; DNN-LX9; HMSCore 6.8.0.331) AppleWebKit/537.36 (KHTML, like Gecko) Chrome/92.0.4515.105 HuaweiBrowser/12.1.3.304 Mobile Safari/537.36","ru-RU,ru-CN;q=0.9,ru;q=0.8,en-US;q=0.7,en;q=0.6",NULL,"1672155786","GET","/brand/chery"
"199","82.162.52.101","Mozilla/5.0 (Linux; Android 10; DNN-LX9; HMSCore 6.8.0.331) AppleWebKit/537.36 (KHTML, like Gecko) Chrome/92.0.4515.105 HuaweiBrowser/12.1.3.304 Mobile Safari/537.36","ru-RU,ru-CN;q=0.9,ru;q=0.8,en-US;q=0.7,en;q=0.6","FpWV8uU1afGXRy0bv1QrYantLKtpCqvmtRta0q0L","1672155833","GET","/arenda-avto-simferopol"
"200","82.162.52.101","Mozilla/5.0 (Linux; Android 10; DNN-LX9; HMSCore 6.8.0.331) AppleWebKit/537.36 (KHTML, like Gecko) Chrome/92.0.4515.105 HuaweiBrowser/12.1.3.304 Mobile Safari/537.36","ru-RU,ru-CN;q=0.9,ru;q=0.8,en-US;q=0.7,en;q=0.6","FpWV8uU1afGXRy0bv1QrYantLKtpCqvmtRta0q0L","1672155856","GET","/car/hyundai-creta-20202021?place=4"
"201","77.88.5.165","Mozilla/5.0 (compatible; YandexBot/3.0; +http://yandex.com/bots)",NULL,NULL,"1672155885","GET","/arenda-avto-simferopol"
"202","82.162.52.101","Mozilla/5.0 (Linux; Android 10; DNN-LX9; HMSCore 6.8.0.331) AppleWebKit/537.36 (KHTML, like Gecko) Chrome/92.0.4515.105 HuaweiBrowser/12.1.3.304 Mobile Safari/537.36","ru-RU,ru-CN;q=0.9,ru;q=0.8,en-US;q=0.7,en;q=0.6","FpWV8uU1afGXRy0bv1QrYantLKtpCqvmtRta0q0L","1672155904","GET","/car/nissan-qashqai?place=4"
"203","82.162.52.101","Mozilla/5.0 (Linux; Android 10; DNN-LX9; HMSCore 6.8.0.331) AppleWebKit/537.36 (KHTML, like Gecko) Chrome/92.0.4515.105 HuaweiBrowser/12.1.3.304 Mobile Safari/537.36","ru-RU,ru-CN;q=0.9,ru;q=0.8,en-US;q=0.7,en;q=0.6","FpWV8uU1afGXRy0bv1QrYantLKtpCqvmtRta0q0L","1672155951","GET","/car/nissan-qashqai?place=4"
"204","199.16.157.181","Twitterbot/1.0",NULL,NULL,"1672155977","GET","/arenda-avto-gurzuf"
"205","82.162.52.101","Mozilla/5.0 (Linux; Android 10; DNN-LX9; HMSCore 6.8.0.331) AppleWebKit/537.36 (KHTML, like Gecko) Chrome/92.0.4515.105 HuaweiBrowser/12.1.3.304 Mobile Safari/537.36","ru-RU,ru-CN;q=0.9,ru;q=0.8,en-US;q=0.7,en;q=0.6","FpWV8uU1afGXRy0bv1QrYantLKtpCqvmtRta0q0L","1672155986","GET","/car/audi-q3-20-diesel?place=4"
"206","82.162.52.101","Mozilla/5.0 (Linux; Android 10; DNN-LX9; HMSCore 6.8.0.331) AppleWebKit/537.36 (KHTML, like Gecko) Chrome/92.0.4515.105 HuaweiBrowser/12.1.3.304 Mobile Safari/537.36","ru-RU,ru-CN;q=0.9,ru;q=0.8,en-US;q=0.7,en;q=0.6","FpWV8uU1afGXRy0bv1QrYantLKtpCqvmtRta0q0L","1672156046","GET","/car/kia-k5?place=4"
"207","82.162.52.101","Mozilla/5.0 (Linux; Android 10; DNN-LX9; HMSCore 6.8.0.331) AppleWebKit/537.36 (KHTML, like Gecko) Chrome/92.0.4515.105 HuaweiBrowser/12.1.3.304 Mobile Safari/537.36","ru-RU,ru-CN;q=0.9,ru;q=0.8,en-US;q=0.7,en;q=0.6","FpWV8uU1afGXRy0bv1QrYantLKtpCqvmtRta0q0L","1672156086","GET","/car/porsche-cayenne-30-2021?place=4"
"208","82.162.52.101","Mozilla/5.0 (Linux; Android 10; DNN-LX9; HMSCore 6.8.0.331) AppleWebKit/537.36 (KHTML, like Gecko) Chrome/92.0.4515.105 HuaweiBrowser/12.1.3.304 Mobile Safari/537.36","ru-RU,ru-CN;q=0.9,ru;q=0.8,en-US;q=0.7,en;q=0.6","FpWV8uU1afGXRy0bv1QrYantLKtpCqvmtRta0q0L","1672156117","GET","/car/porsche-cayenne-30-2021?place=4"
"209","82.162.52.101","Mozilla/5.0 (Linux; Android 10; DNN-LX9; HMSCore 6.8.0.331) AppleWebKit/537.36 (KHTML, like Gecko) Chrome/92.0.4515.105 HuaweiBrowser/12.1.3.304 Mobile Safari/537.36","ru-RU,ru-CN;q=0.9,ru;q=0.8,en-US;q=0.7,en;q=0.6","FpWV8uU1afGXRy0bv1QrYantLKtpCqvmtRta0q0L","1672156144","GET","/car/audi-q3-20-diesel?place=4"
"210","93.158.161.62","Mozilla/5.0 (compatible; YandexBot/3.0; +http://yandex.com/bots)",NULL,NULL,"1672156295","GET","/arenda-avto-cernomorskoe"
"211","77.88.5.129","Mozilla/5.0 (compatible; YandexBot/3.0; +http://yandex.com/bots) AppleWebKit/537.36 (KHTML, like Gecko) Chrome/81.0.4044.268",NULL,NULL,"1672156298","GET","/car/audi-a6?place=4"
"212","77.88.5.129","Mozilla/5.0 (compatible; YandexBot/3.0; +http://yandex.com/bots) AppleWebKit/537.36 (KHTML, like Gecko) Chrome/81.0.4044.268",NULL,NULL,"1672156307","GET","/car/nissan-almera-20152017?place=4"
"213","77.88.5.129","Mozilla/5.0 (compatible; YandexBot/3.0; +http://yandex.com/bots) AppleWebKit/537.36 (KHTML, like Gecko) Chrome/81.0.4044.268",NULL,NULL,"1672156309","GET","/car/bmw-6-kabriolet?place=4"
"214","77.88.5.165","Mozilla/5.0 (compatible; YandexBot/3.0; +http://yandex.com/bots) AppleWebKit/537.36 (KHTML, like Gecko) Chrome/81.0.4044.268",NULL,NULL,"1672156311","GET","/car/audi-q3?place=4"
"215","77.88.5.221","Mozilla/5.0 (compatible; YandexBot/3.0; +http://yandex.com/bots) AppleWebKit/537.36 (KHTML, like Gecko) Chrome/81.0.4044.268",NULL,NULL,"1672156321","GET","/car/toyota-camry?place=4"
"216","77.88.5.157","Mozilla/5.0 (compatible; YandexBot/3.0; +http://yandex.com/bots) AppleWebKit/537.36 (KHTML, like Gecko) Chrome/81.0.4044.268",NULL,NULL,"1672156328","GET","/car/skoda-rapid-2019?place=4"
"217","93.158.161.59","Mozilla/5.0 (compatible; YandexBot/3.0; +http://yandex.com/bots)",NULL,NULL,"1672156334","GET","/arenda-avto-feodosiya"
"218","77.88.5.168","Mozilla/5.0 (compatible; YandexBot/3.0; +http://yandex.com/bots)",NULL,NULL,"1672156335","GET","/arenda-avto-yalta"
"219","84.252.71.48","Mozilla/5.0 (Windows NT 10.0; Win64; x64) AppleWebKit/537.36 (KHTML, like Gecko) Chrome/108.0.0.0 Safari/537.36","ru-RU,ru;q=0.8,en-US;q=0.5,en;q=0.3",NULL,"1672156944","GET","/"
"220","84.252.71.48","Mozilla/5.0 (Windows NT 10.0; Win64; x64) AppleWebKit/537.36 (KHTML, like Gecko) Chrome/108.0.0.0 Safari/537.36","ru-RU,ru;q=0.8,en-US;q=0.5,en;q=0.3","S0CFuWmYWbHkluADfbllDIx9MVR8wGezm8SZYTtk","1672157087","GET","/arenda-avto-yalta"
"221","77.88.5.129","Mozilla/5.0 (compatible; YandexBot/3.0; +http://yandex.com/bots)",NULL,NULL,"1672157107","GET","/arenda-avto-yalta"
"222","77.88.5.246","Mozilla/5.0 (compatible; YandexBot/3.0; +http://yandex.com/bots)",NULL,NULL,"1672157192","GET","/?etext=2202.dRKRcBex6LKbA5mqA9rd06cxvsfc924E9ZC1BVvUtIilCQ634HAo4-3XuVQafYi0em91dW9zaW1va2p5b25zeQ.bd2e5de8532cdf2332c15343df81f58bc5ec3937"
"223","77.88.5.165","Mozilla/5.0 (compatible; YandexBot/3.0; +http://yandex.com/bots) AppleWebKit/537.36 (KHTML, like Gecko) Chrome/81.0.4044.268",NULL,NULL,"1672157459","GET","/car/chery-tiggo-7-pro?place=17"
"224","185.135.181.37","Mozilla/5.0 (Linux; Android 10; NOTE 20 PRO) AppleWebKit/537.36 (KHTML, like Gecko) Chrome/108.0.0.0 Mobile Safari/537.36","ru-RU,ru;q=0.9,en-US;q=0.8,en;q=0.7",NULL,"1672158101","GET","/arenda-avto-alusta?utm_source=google&utm_medium=cpc&utm_campaign=foxrent&utm_content=&utm_term=%D0%B0%D0%B2%D1%82%D0%BE%D0%BF%D1%80%D0%BE%D0%BA%D0%B0%D1%82%20%D0%B0%D0%BB%D1%83%D1%88%D1%82%D0%B0"
"225","185.135.181.37","Mozilla/5.0 (Linux; Android 10; NOTE 20 PRO) AppleWebKit/537.36 (KHTML, like Gecko) Chrome/108.0.0.0 Mobile Safari/537.36","ru-RU,ru;q=0.9,en-US;q=0.8,en;q=0.7","czCiQNZWYxmxp5pYVNNkvotRvyVCiDAJ2v1XsFhr","1672159144","GET","/arenda-avto-yalta?utm_source=google&utm_medium=cpc&utm_campaign=foxrent&utm_content=&utm_term=%D0%B0%D1%80%D0%B5%D0%BD%D0%B4%D0%B0%20%D0%B0%D0%B2%D1%82%D0%BE%20%D1%8F%D0%BB%D1%82%D0%B0"
"226","176.108.190.14","Mozilla/5.0 (Linux; Android 12; SM-A127F) AppleWebKit/537.36 (KHTML, like Gecko) Chrome/108.0.0.0 Mobile Safari/537.36","ru-RU",NULL,"1672162406","GET","/arenda-avto-yalta?utm_source=google&utm_medium=cpc&utm_campaign=foxrent&utm_content=&utm_term=%D0%BF%D1%80%D0%BE%D0%BA%D0%B0%D1%82%20%D0%B0%D0%B2%D1%82%D0%BE%20%D1%8F%D0%BB%D1%82%D0%B0"
"227","176.108.190.14","Mozilla/5.0 (Linux; Android 12; SM-A127F) AppleWebKit/537.36 (KHTML, like Gecko) Chrome/108.0.0.0 Mobile Safari/537.36","ru-RU,ru;q=0.9,en-US;q=0.8,en;q=0.7","btGSZLwyB2NjqxW8CU6vVv5rbNuFk768Knr7mQZE","1672162429","GET","/class/ekonom"
"228","176.108.190.14","Mozilla/5.0 (Linux; Android 12; SM-A127F) AppleWebKit/537.36 (KHTML, like Gecko) Chrome/108.0.0.0 Mobile Safari/537.36","ru-RU,ru;q=0.9,en-US;q=0.8,en;q=0.7","btGSZLwyB2NjqxW8CU6vVv5rbNuFk768Knr7mQZE","1672162528","GET","/arenda-avto-yalta"
"229","178.128.88.11","Mozilla/5.0 (Windows NT 10.0; Win64; x64) AppleWebKit/537.36 (KHTML, like Gecko) Chrome/93.0.4577.82 Safari/537.36",NULL,NULL,"1672163730","GET","/.env"
"230","80.67.243.54","Mozilla/5.0 (Windows NT 6.1; Win64; x64; rv:108.0) Gecko/20100101 Firefox/108.0","ru-RU,ru;q=0.8,en-US;q=0.5,en;q=0.3",NULL,"1672164630","GET","/blog/sotovaya-svyaz-v-krymu-v-2022-godu"
"231","164.92.246.220","Mozilla/5.0 (X11; Linux x86_64) AppleWebKit/537.36 (KHTML, like Gecko) Chrome/81.0.4044.129 Safari/537.36",NULL,NULL,"1672164732","GET","/.git/config"
"232","185.104.94.114","Mozilla/5.0 (Linux; Android 11; SM-A515F) AppleWebKit/537.36 (KHTML, like Gecko) Chrome/108.0.0.0 Mobile Safari/537.36","ru-RU,ru;q=0.9,en-US;q=0.8,en;q=0.7,tr;q=0.6",NULL,"1672165324","GET","/?utm_source=google&utm_medium=cpc&utm_campaign=foxrent&utm_content=&utm_term=%D0%BC%D0%B0%D1%88%D0%B8%D0%BD%D0%B0%20%D0%B0%D1%80%D0%B5%D0%BD%D0%B4%D0%B0%20%D0%BA%D1%80%D1%8B%D0%BC"
"233","185.104.94.114","Mozilla/5.0 (Linux; Android 11; SM-A515F) AppleWebKit/537.36 (KHTML, like Gecko) Chrome/108.0.0.0 Mobile Safari/537.36","ru-RU,ru;q=0.9,en-US;q=0.8,en;q=0.7,tr;q=0.6","B0GOcHJAi1N3xHPBLAbjzPK3czsuD3eYFEYfNqZk","1672165329","GET","/class/premium"
"234","89.64.115.59","Mozilla/5.0 (Linux; arm_64; Android 12; POCO F2 Pro) AppleWebKit/537.36 (KHTML, like Gecko) Chrome/106.0.0.0 YaBrowser/22.11.6.41.00 SA/3 Mobile Safari/537.36","ru-RU,ru;q=0.9,en-US;q=0.8,en;q=0.7",NULL,"1672165982","GET","/?_openstat=ZGlyZWN0LnlhbmRleC5ydTs2MzY3NzI1MzsxMDkyODMxNzU0MDt5YW5kZXgucnU6cHJlbWl1bQ&yclid=5380590671762554879"
"235","89.64.115.59","Mozilla/5.0 (Linux; arm_64; Android 12; POCO F2 Pro) AppleWebKit/537.36 (KHTML, like Gecko) Chrome/106.0.0.0 YaBrowser/22.11.6.41.00 SA/3 Mobile Safari/537.36","ru-RU,ru;q=0.9,en-US;q=0.8,en;q=0.7","FqDZRVNMtpC6yuob3t0EHspJR5OMh6sntHHoKDAw","1672165989","GET","/class/premium"
"236","89.64.115.59","Mozilla/5.0 (Linux; arm_64; Android 12; POCO F2 Pro) AppleWebKit/537.36 (KHTML, like Gecko) Chrome/106.0.0.0 YaBrowser/22.11.6.41.00 SA/3 Mobile Safari/537.36","ru-RU,ru;q=0.9,en-US;q=0.8,en;q=0.7","FqDZRVNMtpC6yuob3t0EHspJR5OMh6sntHHoKDAw","1672166001","GET","/class/biznes"
"237","89.64.115.59","Mozilla/5.0 (Linux; arm_64; Android 12; POCO F2 Pro) AppleWebKit/537.36 (KHTML, like Gecko) Chrome/106.0.0.0 YaBrowser/22.11.6.41.00 SA/3 Mobile Safari/537.36","ru-RU,ru;q=0.9,en-US;q=0.8,en;q=0.7","FqDZRVNMtpC6yuob3t0EHspJR5OMh6sntHHoKDAw","1672166032","GET","/class/ekonom"
"238","89.187.169.13","Mozilla/5.0 (Linux; Android 13; SM-G991B) AppleWebKit/537.36 (KHTML, like Gecko) Chrome/108.0.0.0 Mobile Safari/537.36","ru-RU,ru;q=0.9,en-US;q=0.8,en;q=0.7",NULL,"1672166653","GET","/"
"239","89.187.169.13","Mozilla/5.0 (Linux; Android 13; SM-G991B) AppleWebKit/537.36 (KHTML, like Gecko) Chrome/108.0.0.0 Mobile Safari/537.36","ru-RU,ru;q=0.9,en-US;q=0.8,en;q=0.7","VBV41Sc12GCVIX4TEBkJM40IQ5HeYBahznSyHDKr","1672166674","GET","/class/ekonom"
"240","89.187.169.13","Mozilla/5.0 (Linux; Android 13; SM-G991B) AppleWebKit/537.36 (KHTML, like Gecko) Chrome/108.0.0.0 Mobile Safari/537.36","ru-RU,ru;q=0.9,en-US;q=0.8,en;q=0.7","VBV41Sc12GCVIX4TEBkJM40IQ5HeYBahznSyHDKr","1672166698","GET","/car/skoda-rapid-2019"
"241","77.88.5.221","Mozilla/5.0 (compatible; YandexBot/3.0; +http://yandex.com/bots)",NULL,NULL,"1672166787","GET","/?etext=2202.fnm-cDM_EDImYn0llPwi27T5xUnQl0wzKt-5DE51jUFReetgEuJONrybmY2bHA_QcWt6b21maHhtdHRpanF5cg.49e1bfef08f373658b693299780a5b3fa82ae905"
"242","66.249.92.57","AdsBot-Google (+http://www.google.com/adsbot.html)",NULL,NULL,"1672167750","GET","/arenda-avto-feodosiya"
"243","66.249.92.17","AdsBot-Google (+http://www.google.com/adsbot.html)",NULL,NULL,"1672167870","GET","/arenda-avto-sevastopol"
"244","95.163.36.16","Mozilla/5.0 (compatible; Linux x86_64; Mail.RU_Bot/Fast/2.0; +https://help.mail.ru/webmaster/indexing/robots)","ru,be;q=0.7,en;q=0.7,kk;q=0.7,uk;q=0.7,*;q=0.1",NULL,"1672167872","GET","/"
"245","66.249.92.223","Mozilla/5.0 (iPhone; CPU iPhone OS 14_7_1 like Mac OS X) AppleWebKit/605.1.15 (KHTML, like Gecko) Version/14.1.2 Mobile/15E148 Safari/604.1 (compatible; AdsBot-Google-Mobile; +http://www.google.com/mobile/adsbot.html)",NULL,NULL,"1672167988","GET","/"
"246","66.249.92.143","Mozilla/5.0 (Linux; Android 5.0; SM-G920A) AppleWebKit (KHTML, like Gecko) Chrome Mobile Safari (compatible; AdsBot-Google-Mobile; +http://www.google.com/mobile/adsbot.html)",NULL,NULL,"1672167988","GET","/arenda-avto-feodosiya"
"247","66.249.92.141","Mozilla/5.0 (iPhone; CPU iPhone OS 14_7_1 like Mac OS X) AppleWebKit/605.1.15 (KHTML, like Gecko) Version/14.1.2 Mobile/15E148 Safari/604.1 (compatible; AdsBot-Google-Mobile; +http://www.google.com/mobile/adsbot.html)",NULL,NULL,"1672168107","GET","/arenda-avto-feodosiya"
"248","66.249.92.141","Mozilla/5.0 (Linux; Android 5.0; SM-G920A) AppleWebKit (KHTML, like Gecko) Chrome Mobile Safari (compatible; AdsBot-Google-Mobile; +http://www.google.com/mobile/adsbot.html)",NULL,NULL,"1672168350","GET","/"
"249","77.88.5.28","Mozilla/5.0 (compatible; YandexBot/3.0; +http://yandex.com/bots)",NULL,NULL,"1672168647","GET","/?etext=2202.vAL8jYt_AT9vH5n8e4P355BGMm6HPKWigMopp4z_tEuy7ABy709IMbx4ImI7YdShcWJ0YXJmanZqcHBlYXJ3aw.a8b404d59ac058628c36efa9d095f5c373f8b715"
"250","77.88.5.28","Mozilla/5.0 (compatible; YandexBot/3.0; +http://yandex.com/bots)",NULL,NULL,"1672168945","GET","/?etext=2202.gfovXCWGo0Gc1dyDupTRD5YVaKvWrBRP1vW90DqdSypiQ9lvcZnh_CPvMCZwvWt4cPits5P77eUJvSzgrK_v7R8cfg1FZIFIlGqRh-WSbP1qeXRzbnVneWptdmdxb3d0.d4784a7755fd5afb7c4304f388919bf3eed588c2"
"251","66.249.81.94","Chrome Privacy Preserving Prefetch Proxy",NULL,NULL,"1672169542","GET","/.well-known/traffic-advice"
"252","193.186.4.27","Mozilla/5.0 (Linux; Android 10; K) AppleWebKit/537.36 (KHTML, like Gecko) Chrome/104.0.0.0 Mobile Safari/537.36","ru-RU,ru;q=0.9,en-US;q=0.8,en;q=0.7,bg;q=0.6",NULL,"1672169543","GET","/blog/sotovaya-svyaz-v-krymu-v-2022-godu"
"253","90.154.72.93","Mozilla/5.0 (iPhone; CPU iPhone OS 16_2 like Mac OS X) AppleWebKit/605.1.15 (KHTML, like Gecko) Version/16.2 Mobile/15E148 Safari/604.1","ru",NULL,"1672170782","GET","/"
"254","90.154.72.93","Mozilla/5.0 (iPhone; CPU iPhone OS 16_2 like Mac OS X) AppleWebKit/605.1.15 (KHTML, like Gecko) Version/16.2 Mobile/15E148 Safari/604.1","ru","F6jiNsOtkuhslQHfvtTyc0sZgmjjipH7y8UxrSgw","1672170849","GET","/car/audi-a6"
"255","178.214.247.6","Mozilla/5.0 (Linux; Android 13; SM-A536E) AppleWebKit/537.36 (KHTML, like Gecko) Chrome/108.0.0.0 Mobile Safari/537.36","ru-RU,ru;q=0.9,en-US;q=0.8,en;q=0.7",NULL,"1672170893","GET","/"
"256","90.154.72.93","Mozilla/5.0 (iPhone; CPU iPhone OS 16_2 like Mac OS X) AppleWebKit/605.1.15 (KHTML, like Gecko) Version/16.2 Mobile/15E148 Safari/604.1","ru","F6jiNsOtkuhslQHfvtTyc0sZgmjjipH7y8UxrSgw","1672170894","GET","/car/audi-a6"
"257","178.214.247.6","Mozilla/5.0 (Linux; Android 13; SM-A536E) AppleWebKit/537.36 (KHTML, like Gecko) Chrome/108.0.0.0 Mobile Safari/537.36","ru-RU,ru;q=0.9,en-US;q=0.8,en;q=0.7","R4HuH5T99lzUJzE4ND6I5142ECgB0sX43kEuY93O","1672170897","GET","/class/ekonom"
"258","178.214.247.6","Mozilla/5.0 (Linux; Android 13; SM-A536E) AppleWebKit/537.36 (KHTML, like Gecko) Chrome/108.0.0.0 Mobile Safari/537.36","ru-RU,ru;q=0.9,en-US;q=0.8,en;q=0.7","R4HuH5T99lzUJzE4ND6I5142ECgB0sX43kEuY93O","1672170914","GET","/car/volkswagen-polo-20152017"
"259","66.249.66.59","Mozilla/5.0 (compatible; Googlebot/2.1; +http://www.google.com/bot.html)",NULL,NULL,"1672171462","GET","/car/bmw-6-kabriolet"
"260","66.249.66.79","Mozilla/5.0 (Linux; Android 6.0.1; Nexus 5X Build/MMB29P) AppleWebKit/537.36 (KHTML, like Gecko) Chrome/107.0.5304.115 Mobile Safari/537.36 (compatible; Googlebot/2.1; +http://www.google.com/bot.html)",NULL,NULL,"1672171509","GET","/car/bmw-6-kabriolet"
"261","194.147.50.10","Mozilla/5.0 (iPhone; CPU iPhone OS 15_3_1 like Mac OS X) AppleWebKit/605.1.15 (KHTML, like Gecko) Version/15.3 Mobile/15E148 Safari/604.1","ru",NULL,"1672171536","GET","/car/audi-a4-restyling"
"262","194.147.50.10","Mozilla/5.0 (iPhone; CPU iPhone OS 15_3_1 like Mac OS X) AppleWebKit/605.1.15 (KHTML, like Gecko) Version/15.3 Mobile/15E148 Safari/604.1","ru","CjoXv81gb7M3nY5k2bArczAuwQUnGYsYlzE0EN44","1672171540","GET","/car/audi-a4-restyling"
"263","194.147.50.10","Mozilla/5.0 (iPhone; CPU iPhone OS 15_3_1 like Mac OS X) AppleWebKit/605.1.15 (KHTML, like Gecko) Version/15.3 Mobile/15E148 Safari/604.1","ru","CjoXv81gb7M3nY5k2bArczAuwQUnGYsYlzE0EN44","1672171550","GET","/car/audi-a6"